"","word","freq"
"""aankhen","""aankhen",1
"""abe","""abe",1
"""abh","""abh",1
"""absolut","""absolut",2
"""absolut"",","""absolut"",",1
"""acknowledg","""acknowledg",1
"""acquit","""acquit",1
"""across","""across",13
"""action","""action",1
"""actual","""actual",2
"""ag","""ag",2
"""aggress","""aggress",2
"""agre","""agre",2
"""agre"",","""agre"",",1
"""aint","""aint",1
"""air","""air",1
"""alia","""alia",1
"""also","""also",3
"""alway","""alway",2
"""amaz","""amaz",2
"""amaz"",","""amaz"",",1
"""american","""american",1
"""amit","""amit",2
"""among","""among",1
"""anand","""anand",2
"""anoth","""anoth",4
"""anyon","""anyon",5
"""apolog","""apolog",1
"""apologis"",","""apologis"",",1
"""apologist","""apologist",1
"""appear","""appear",1
"""appreci","""appreci",1
"""arent","""arent",1
"""arithmet","""arithmet",1
"""arm","""arm",1
"""armi","""armi",1
"""arnab","""arnab",1
"""arrog","""arrog",2
"""ask","""ask",8
"""asksudhirmungantiwarpleaserestor","""asksudhirmungantiwarpleaserestor",1
"""associ","""associ",1
"""atleast","""atleast",1
"""aunti","""aunti",1
"""aurengzeb","""aurengzeb",1
"""aussi","""aussi",1
"""author","""author",1
"""awesom","""awesom",1
"""bbc","""bbc",10
"""bcz","""bcz",1
"""becom","""becom",1
"""behind","""behind",1
"""believ","""believ",4
"""bereft","""bereft",1
"""beshaq"",","""beshaq"",",1
"""best","""best",3
"""better","""better",4
"""bhai","""bhai",5
"""bhaiyya","""bhaiyya",1
"""big","""big",26
"""biggest","""biggest",2
"""bihar","""bihar",18
"""bilari","""bilari",1
"""bjp","""bjp",15
"""bla","""bla",1
"""brain","""brain",2
"""btw","""btw",2
"""bullshit"",","""bullshit"",",1
"""bye","""bye",1
"""cag","""cag",1
"""call","""call",1
"""campaign","""campaign",1
"""can","""can",4
"""cancel","""cancel",1
"""cant","""cant",3
"""chandra","""chandra",3
"""charact","""charact",1
"""choic","""choic",1
"""chowkidar","""chowkidar",4
"""classless","""classless",1
"""clean","""clean",1
"""cnns","""cnns",1
"""cold","""cold",1
"""come","""come",2
"""comment","""comment",2
"""compaign","""compaign",1
"""complet","""complet",2
"""confirm","""confirm",1
"""cong","""cong",4
"""congkaselfgoalhua","""congkaselfgoalhua",4
"""congratul","""congratul",3
"""congress","""congress",60
"""conspiraci"",","""conspiraci"",",1
"""context","""context",1
"""contrari","""contrari",1
"""corner","""corner",1
"""corrupt","""corrupt",3
"""counter","""counter",1
"""countri","""countri",2
"""courag","""courag",2
"""cours","""cours",1
"""courtesi","""courtesi",1
"""cp","""cp",7
"""cri","""cri",1
"""crime","""crime",1
"""crimin","""crimin",2
"""crocodil","""crocodil",1
"""crore","""crore",1
"""cur","""cur",1
"""dad","""dad",1
"""damag","""damag",1
"""dard"",","""dard"",",1
"""data","""data",1
"""day","""day",2
"""dear","""dear",46
"""delhi","""delhi",1
"""democraci"",","""democraci"",",1
"""desh","""desh",1
"""despit","""despit",2
"""deviat","""deviat",1
"""dick","""dick",1
"""didnt","""didnt",6
"""differ","""differ",1
"""diggi","""diggi",1
"""dirti","""dirti",1
"""disappoint","""disappoint",1
"""disast","""disast",1
"""discuss","""discuss",1
"""distract","""distract",1
"""divid","""divid",7
"""doctor","""doctor",1
"""donkey","""donkey",1
"""dont","""dont",33
"""dr","""dr",1
"""drug","""drug",1
"""dual","""dual",1
"""dumbest","""dumbest",1
"""eager","""eager",2
"""educ","""educ",1
"""elect","""elect",8
"""epic"",","""epic"",",1
"""even","""even",3
"""everi","""everi",1
"""everyon","""everyon",2
"""evid","""evid",1
"""evm","""evm",2
"""exact","""exact",1
"""excel","""excel",1
"""exclus","""exclus",18
"""exoner","""exoner",1
"""experi","""experi",1
"""fact","""fact",2
"""factcheck","""factcheck",1
"""fair","""fair",5
"""fake","""fake",1
"""famili","""famili",11
"""far","""far",1
"""father","""father",2
"""fed"",","""fed"",",1
"""feel","""feel",1
"""feku","""feku",1
"""fellow","""fellow",1
"""ff","""ff",1
"""fighter","""fighter",2
"""final","""final",1
"""finalllllyyyy","""finalllllyyyy",1
"""first","""first",2
"""fnind","""fnind",2
"""follow","""follow",1
"""fond","""fond",2
"""forgot","""forgot",2
"""former","""former",3
"""freakin","""freakin",1
"""free","""free",1
"""fresh","""fresh",1
"""friend","""friend",1
"""funni","""funni",3
"""gandhi","""gandhi",5
"""geetika","""geetika",1
"""genocid","""genocid",2
"""get","""get",2
"""give","""give",4
"""glad","""glad",4
"""go","""go",3
"""goe","""goe",1
"""good","""good",5
"""good"",","""good"",",4
"""great","""great",4
"""greatest","""greatest",1
"""greet","""greet",5
"""grown","""grown",1
"""gst","""gst",1
"""guess","""guess",3
"""guilt","""guilt",1
"""guru","""guru",1
"""guy","""guy",3
"""ha","""ha",2
"""haha","""haha",1
"""happen","""happen",1
"""harami","""harami",1
"""haramkhor","""haramkhor",1
"""hat"",","""hat"",",1
"""healthi","""healthi",1
"""hear","""hear",1
"""heard","""heard",1
"""heed","""heed",1
"""heheh","""heheh",1
"""hell","""hell",1
"""hello","""hello",3
"""help","""help",2
"""here","""here",14
"""hero","""hero",3
"""hes","""hes",2
"""hewho","""hewho",1
"""hey","""hey",1
"""hi","""hi",1
"""high","""high",2
"""hiindia","""hiindia",1
"""hind"",","""hind"",",1
"""hindi","""hindi",2
"""honour","""honour",1
"""hope","""hope",6
"""horrifi","""horrifi",1
"""how","""how",2
"""htexclus","""htexclus",8
"""hua","""hua",23
"""huatohua","""huatohua",4
"""huge","""huge",1
"""hum","""hum",1
"""husband","""husband",1
"""idiot","""idiot",2
"""ignor","""ignor",1
"""im","""im",1
"""imagin","""imagin",2
"""import","""import",2
"""imposs","""imposs",1
"""inc","""inc",1
"""incumb","""incumb",1
"""india","""india",5
"""indian","""indian",2
"""indiasdivideeimchief","""indiasdivideeimchief",1
"""indira","""indira",2
"""industrialoutput","""industrialoutput",1
"""initi","""initi",3
"""inslt","""inslt",1
"""instead","""instead",1
"""insviraatcharg","""insviraatcharg",2
"""interest","""interest",2
"""interest"",","""interest"",",2
"""intern","""intern",2
"""interview","""interview",3
"""intrigu","""intrigu",1
"""invest","""invest",1
"""ironi","""ironi",1
"""isko","""isko",1
"""islamist","""islamist",1
"""island","""island",27
"""isnt","""isnt",1
"""isp","""isp",1
"""jai","""jai",1
"""jampk","""jampk",1
"""jay","""jay",3
"""jealous","""jealous",1
"""ji","""ji",2
"""joke","""joke",1
"""just","""just",10
"""justask","""justask",1
"""karan","""karan",2
"""karanjipm","""karanjipm",1
"""karma","""karma",2
"""kashmir","""kashmir",1
"""keep","""keep",1
"""kind","""kind",3
"""know","""know",5
"""knowhislegaci","""knowhislegaci",1
"""lakh","""lakh",1
"""last","""last",35
"""latest","""latest",3
"""leagu","""leagu",1
"""leak","""leak",1
"""legend","""legend",1
"""let","""let",2
"""level","""level",1
"""lier","""lier",2
"""like","""like",5
"""listen","""listen",1
"""littl","""littl",11
"""live","""live",93
"""lok","""lok",1
"""loksabhaelectionselectionswithtim","""loksabhaelectionselectionswithtim",4
"""lol","""lol",2
"""lolol","""lolol",1
"""longer","""longer",1
"""look","""look",2
"""loot","""loot",1
"""lootyan","""lootyan",1
"""lose","""lose",1
"""love","""love",5
"""lunatickid","""lunatickid",1
"""maafi","""maafi",1
"""maam","""maam",1
"""mad","""mad",1
"""madamh","""madamh",1
"""made","""made",3
"""magazin","""magazin",1
"""mainstream","""mainstream",1
"""majboori","""majboori",1
"""make","""make",4
"""mam","""mam",1
"""man","""man",3
"""mani","""mani",2
"""manmohan","""manmohan",5
"""maoist","""maoist",1
"""matter","""matter",2
"""matur","""matur",1
"""may","""may",1
"""mean","""mean",3
"""meet","""meet",1
"""messag","""messag",1
"""middleclasstalk","""middleclasstalk",1
"""mine","""mine",2
"""misconcept"",","""misconcept"",",1
"""mission","""mission",1
"""mission"",","""mission"",",1
"""misus","""misus",1
"""mms","""mms",1
"""modi","""modi",14
"""modi"",","""modi"",",1
"""modiji","""modiji",3
"""moment","""moment",1
"""monkey","""monkey",1
"""mother","""mother",1
"""mr","""mr",122
"""much","""much",1
"""mukesh","""mukesh",1
"""mum","""mum",1
"""mumbai","""mumbai",1
"""muslim"",","""muslim"",",1
"""must","""must",5
"""narsimha","""narsimha",1
"""nation","""nation",2
"""navi","""navi",1
"""nawab","""nawab",1
"""ncp","""ncp",1
"""nd","""nd",1
"""need","""need",8
"""neededtoilet","""neededtoilet",1
"""nehru","""nehru",2
"""nervous"",","""nervous"",",1
"""never","""never",3
"""new","""new",1
"""next","""next",3
"""nice"",","""nice"",",2
"""none","""none",1
"""nonsens","""nonsens",1
"""normal","""normal",1
"""noth","""noth",4
"""now","""now",12
"""nps","""nps",1
"""npsgoback","""npsgoback",3
"""obsess","""obsess",4
"""ofcourc","""ofcourc",1
"""oh","""oh",2
"""oknow","""oknow",1
"""one","""one",53
"""operationvadraloksabhaelect","""operationvadraloksabhaelect",1
"""orgasm"",","""orgasm"",",1
"""other","""other",1
"""oye","""oye",4
"""pahel","""pahel",1
"""pallavipidi","""pallavipidi",1
"""pappu","""pappu",11
"""pappus","""pappus",1
"""parti","""parti",2
"""past","""past",1
"""peac","""peac",1
"""peopl","""peopl",4
"""per","""per",2
"""perfect","""perfect",1
"""phir","""phir",1
"""photo","""photo",1
"""pidi","""pidi",1
"""pilot","""pilot",43
"""pitroda","""pitroda",1
"""plant","""plant",1
"""pleas","""pleas",13
"""pls","""pls",2
"""plz","""plz",2
"""pm","""pm",13
"""pmmodi","""pmmodi",1
"""pmnarendramodi","""pmnarendramodi",1
"""polit","""polit",1
"""politician","""politician",1
"""poor","""poor",1
"""power","""power",2
"""pray","""pray",1
"""preliminari","""preliminari",1
"""presid","""presid",2
"""pressureif","""pressureif",1
"""prime","""prime",1
"""priminist","""priminist",1
"""prink","""prink",1
"""proper","""proper",1
"""proven","""proven",1
"""psu","""psu",1
"""pundit","""pundit",1
"""punish","""punish",2
"""punjab","""punjab",1
"""qualiti","""qualiti",1
"""question","""question",1
"""raga","""raga",2
"""rahul","""rahul",7
"""rahulgandhi","""rahulgandhi",1
"""rahulgandhitoht","""rahulgandhitoht",1
"""rahulji","""rahulji",1
"""rahulkabaapchorhai","""rahulkabaapchorhai",1
"""raja","""raja",9
"""rajiv","""rajiv",1
"""rajivgandhichorhai","""rajivgandhichorhai",1
"""ramadan","""ramadan",2
"""rate","""rate",1
"""rd","""rd",10
"""read","""read",3
"""real","""real",3
"""realdo","""realdo",1
"""realiz","""realiz",1
"""realli","""realli",4
"""realli"",","""realli"",",1
"""reason","""reason",1
"""reiter","""reiter",2
"""relat","""relat",1
"""relentless","""relentless",1
"""rememb","""rememb",6
"""remind","""remind",1
"""remov","""remov",2
"""repercuss","""repercuss",1
"""report","""report",1
"""request","""request",1
"""respect","""respect",1
"""rest","""rest",1
"""retir","""retir",23
"""revel","""revel",1
"""revers","""revers",1
"""rg","""rg",3
"""right","""right",5
"""right"",","""right"",",1
"""riot","""riot",4
"""roadmap","""roadmap",1
"""rt","""rt",3
"""ru","""ru",1
"""rude","""rude",1
"""rule","""rule",1
"""sabsebadajhootamodimodi","""sabsebadajhootamodimodi",1
"""sad","""sad",1
"""said","""said",4
"""sam","""sam",18
"""sampitrodamodijihow","""sampitrodamodijihow",1
"""sanjukta","""sanjukta",1
"""satta","""satta",1
"""save","""save",3
"""say","""say",2
"""sc","""sc",6
"""school","""school",2
"""see","""see",7
"""seem","""seem",4
"""sh","""sh",1
"""shame","""shame",8
"""shame"",","""shame"",",2
"""shameless","""shameless",1
"""short","""short",2
"""shouldnt","""shouldnt",68
"""shree","""shree",1
"""shri","""shri",1
"""shut","""shut",1
"""sidhu"",","""sidhu"",",1
"""sign","""sign",1
"""sikh","""sikh",5
"""sir","""sir",16
"""sirji","""sirji",1
"""small","""small",1
"""soldier"",","""soldier"",",1
"""sole","""sole",1
"""solid","""solid",1
"""someon","""someon",6
"""someth","""someth",1
"""sonam","""sonam",1
"""sonia","""sonia",2
"""sooner","""sooner",1
"""sorri","""sorri",5
"""speak","""speak",1
"""stand","""stand",1
"""stand"",","""stand"",",1
"""start","""start",2
"""state","""state",3
"""statement","""statement",1
"""stick","""stick",1
"""still","""still",3
"""stop","""stop",1
"""stori","""stori",2
"""strong","""strong",5
"""sudden","""sudden",1
"""superb"",","""superb"",",1
"""suppli","""suppli",1
"""support","""support",2
"""suprem","""suprem",3
"""supremecourt","""supremecourt",1
"""sure","""sure",2
"""sure"",","""sure"",",1
"""surpris","""surpris",1
"""system","""system",1
"""talk","""talk",2
"""tannu","""tannu",1
"""target","""target",1
"""tdp","""tdp",1
"""team","""team",1
"""termin","""termin",1
"""terrorismpakistancorruptionsikhgenocid","""terrorismpakistancorruptionsikhgenocid",1
"""thank","""thank",4
"""that","""that",4
"""thi","""thi",1
"""thing","""thing",1
"""think","""think",8
"""thorough","""thorough",3
"""thought","""thought",1
"""time","""time",25
"""timemagzinecongratul"",","""timemagzinecongratul"",",1
"""today","""today",1
"""toh","""toh",1
"""topper","""topper",1
"""toxic","""toxic",1
"""tri","""tri",1
"""trickeri","""trickeri",1
"""true","""true",4
"""true"",","""true"",",3
"""trueh","""trueh",1
"""tutor","""tutor",1
"""tweet","""tweet",3
"""twitter","""twitter",2
"""ukjinnahnehru","""ukjinnahnehru",2
"""uncl","""uncl",2
"""undrstand","""undrstand",1
"""unhealthi","""unhealthi",1
"""upa","""upa",1
"""upaamp","""upaamp",1
"""ur","""ur",5
"""use","""use",2
"""useless"",","""useless"",",1
"""usk","""usk",1
"""ve","""ve",1
"""vicious","""vicious",1
"""video","""video",1
"""vision","""vision",1
"""vote","""vote",1
"""wake","""wake",1
"""want","""want",3
"""wasnt","""wasnt",1
"""wat","""wat",1
"""watch","""watch",4
"""way","""way",1
"""weak","""weak",1
"""week","""week",1
"""welcom","""welcom",1
"""well","""well",10
"""what","""what",3
"""whatev","""whatev",2
"""whatsapp","""whatsapp",1
"""whole","""whole",1
"""wht","""wht",1
"""will","""will",13
"""willpow","""willpow",1
"""win","""win",1
"""wish","""wish",2
"""within","""within",1
"""without","""without",5
"""wonder","""wonder",2
"""wont","""wont",1
"""world","""world",1
"""wouldnt","""wouldnt",1
"""wow","""wow",4
"""wrong","""wrong",3
"""ws","""ws",1
"""ya","""ya",1
"""yaan","""yaan",1
"""yeah","""yeah",1
"""year","""year",1
"""yes","""yes",9
"""yesterday","""yesterday",2
"""your","""your",1
"0),","0),",1
"11,","11,",1
"119,","119,",1
"130,","130,",1
"14.3509609699249,","14.3509609699249,",1
"25,","25,",1
"aaj","aaj",1
"aalo","aalo",1
"aam","aam",1
"aap","aap",3
"aap"",","aap"",",1
"aapko","aapko",1
"aapn","aapn",2
"aasim","aasim",12
"aaya"",","aaya"",",1
"aayega","aayega",1
"aayegatohmod"",","aayegatohmod"",",1
"aazadi","aazadi",1
"ab"",","ab"",",1
"abhi","abhi",1
"abhoganyay"",","abhoganyay"",",89
"abhor","abhor",1
"abject","abject",1
"abl","abl",3
"absolut","absolut",4
"abt","abt",3
"abus","abus",1
"accent","accent",2
"accep"",","accep"",",1
"accept","accept",5
"access","access",1
"acch","acch",1
"acclaim","acclaim",1
"accou"",","accou"",",1
"account","account",1
"accus","accus",3
"acharya","acharya",2
"achiev","achiev",2
"achievemen"",","achievemen"",",1
"achievementsth","achievementsth",1
"acknowledg","acknowledg",1
"across","across",5
"act","act",3
"action","action",2
"action"",","action"",",1
"activ","activ",1
"adami","adami",1
"adarshscam","adarshscam",1
"add","add",4
"addict","addict",2
"addict"",","addict"",",1
"addit","addit",1
"address","address",94
"admir","admir",4
"admit","admit",36
"advanc","advanc",2
"advic","advic",2
"advicefir","advicefir",1
"advisor","advisor",1
"advisor"",","advisor"",",4
"affair","affair",2
"afraid","afraid",1
"againin","againin",2
"againth","againth",1
"agenda","agenda",1
"agent","agent",1
"agre","agre",3
"ahead","ahead",2
"aid","aid",1
"aimanzehra","aimanzehra",2
"air","air",31
"aircraft","aircraft",1
"airlin","airlin",1
"airport","airport",1
"aiyar","aiyar",2
"akshay","akshay",2
"akshayatritiya","akshayatritiya",1
"alien","alien",1
"alleg","alleg",2
"alli","alli",19
"allianc","allianc",4
"allow","allow",13
"alltim","alltim",1
"almost","almost",3
"almost"",","almost"",",1
"along","along",15
"aloo"",","aloo"",",1
"alreadi","alreadi",25
"alreadi"",","alreadi"",",1
"also","also",15
"also"",","also"",",2
"alternativebal","alternativebal",2
"alver","alver",1
"alwar","alwar",1
"alway","alway",16
"alway"",","alway"",",22
"amaz","amaz",1
"amaz"",","amaz"",",1
"ambani","ambani",2
"amethi","amethi",2
"amethi"",","amethi"",",2
"amethior","amethior",1
"ami","ami",2
"ampnitishjithey","ampnitishjithey",18
"ampsaid","ampsaid",1
"ampth","ampth",4
"amrind","amrind",24
"analysi","analysi",3
"anger","anger",1
"ani","ani",2
"anil","anil",2
"anilambani","anilambani",1
"annex","annex",2
"anniversari","anniversari",2
"anniversari"",","anniversari"",",6
"anoth","anoth",1
"anotherdo","anotherdo",1
"answer","answer",6
"answer"",","answer"",",11
"anti","anti",1
"antimuslim","antimuslim",10
"antisikh","antisikh",7
"anyay","anyay",1
"anyay"",","anyay"",",1
"anybod"",","anybod"",",1
"anymor","anymor",2
"anymorebjpparti"",","anymorebjpparti"",",1
"anyon","anyon",2
"anyrh","anyrh",1
"anyth","anyth",7
"anyway","anyway",1
"ap"",","ap"",",2
"apart","apart",3
"apna","apna",1
"apolog","apolog",33
"apolog"",","apolog"",",1
"apologis","apologis",160
"apologis"",","apologis"",",13
"apologiseaft","apologiseaft",7
"apologizedand","apologizedand",1
"apoplogis","apoplogis",1
"app"",","app"",",1
"appeal","appeal",2
"appear","appear",2
"applaus","applaus",1
"appoint","appoint",1
"appreci","appreci",26
"approach","approach",2
"approv","approv",1
"april","april",2
"april"",","april"",",1
"ar"",","ar"",",1
"area","area",4
"argument","argument",2
"arjunvelotil","arjunvelotil",1
"arm","arm",2
"armi","armi",2
"armyw","armyw",1
"arnab","arnab",6
"arnab"",","arnab"",",1
"arnabgoswami","arnabgoswami",1
"arnwab","arnwab",1
"around","around",1
"arrest","arrest",1
"arrog","arrog",3
"articl","articl",3
"articl"",","articl"",",1
"arun","arun",4
"arvi"",","arvi"",",1
"asap","asap",2
"asham","asham",1
"ask","ask",29
"ask"",","ask"",",4
"ass","ass",1
"assassin","assassin",1
"assembl","assembl",1
"asso"",","asso"",",1
"assum","assum",2
"assur","assur",1
"assur"",","assur"",",1
"astrolog"",","astrolog"",",1
"ata","ata",1
"atishi","atishi",1
"atleast","atleast",1
"atroc","atroc",1
"att"",","att"",",1
"attack","attack",24
"attackon"",","attackon"",",44
"attempt","attempt",1
"attent","attent",2
"august","august",2
"aunclecan","aunclecan",1
"aunti","aunti",1
"aur","aur",3
"author","author",2
"automat","automat",1
"avoid","avoid",2
"await","await",1
"awar","awar",1
"award","award",2
"away","away",4
"awesom"",","awesom"",",1
"awesomedil","awesomedil",1
"ayu"",","ayu"",",1
"ayushman","ayushman",2
"b"",","b"",",2
"baap","baap",2
"baar","baar",1
"baar"",","baar"",",1
"baat","baat",4
"baba","baba",1
"babi"",","babi"",",1
"babri","babri",1
"babu","babu",3
"babur","babur",2
"bacha","bacha",2
"back","back",48
"back"",","back"",",4
"backit","backit",1
"backop","backop",1
"backup","backup",1
"backveri","backveri",1
"bad","bad",9
"bad"",","bad"",",3
"badiya"",","badiya"",",1
"bahot","bahot",1
"bail","bail",2
"bail"",","bail"",",1
"balakot","balakot",31
"balakotairstrik"",","balakotairstrik"",",1
"ballet","ballet",1
"ban","ban",1
"ban"",","ban"",",1
"banan","banan",1
"banaya"",","banaya"",",1
"band","band",1
"bank","bank",2
"bankswith","bankswith",3
"bann","bann",1
"barr"",","barr"",",2
"basava","basava",3
"basavajayanti"",","basavajayanti"",",5
"base","base",1
"basi","basi",1
"basic","basic",2
"bastard","bastard",1
"bata","bata",2
"battlebut","battlebut",3
"bazaar","bazaar",1
"bazarbjp","bazarbjp",1
"bcoz","bcoz",5
"bcz","bcz",1
"beauti","beauti",1
"becausecongresss","becausecongresss",1
"becom","becom",10
"becoz","becoz",1
"bee"",","bee"",",1
"beggar","beggar",1
"beggedcri","beggedcri",1
"begin","begin",1
"behalf","behalf",5
"behalf"",","behalf"",",1
"behaviour","behaviour",1
"behind","behind",3
"belief","belief",1
"believ","believ",9
"believ"",","believ"",",4
"believemodi","believemodi",1
"belong","belong",2
"belov","belov",2
"ben"",","ben"",",1
"bencher"",","bencher"",",1
"bengal","bengal",1
"bengaluru","bengaluru",1
"berozgar","berozgar",1
"besmirch","besmirch",1
"best","best",10
"best"",","best"",",1
"bet"",","bet"",",1
"betray","betray",1
"better","better",11
"better"",","better"",",3
"bewev","bewev",1
"bey"",","bey"",",1
"beyond","beyond",1
"bhabi"",","bhabi"",",1
"bhagwat","bhagwat",1
"bhai","bhai",1
"bhakt","bhakt",6
"bhakt"",","bhakt"",",1
"bhakto"",","bhakto"",",1
"bharat","bharat",6
"bharathuatohua","bharathuatohua",2
"bharatvarsha","bharatvarsha",1
"bharni","bharni",1
"bhi","bhi",2
"bhind","bhind",1
"bhishma","bhishma",1
"bhopal","bhopal",3
"bhopalbjp","bhopalbjp",1
"bhrashtacharino","bhrashtacharino",1
"bhrastachari","bhrastachari",1
"bias","bias",1
"big","big",77
"big"",","big"",",1
"bigger","bigger",3
"biggest","biggest",3
"bigotri"",","bigotri"",",1
"bihar","bihar",4
"bihari","bihari",1
"bikal","bikal",1
"bill","bill",2
"billion","billion",3
"bio"",","bio"",",1
"biodata","biodata",1
"bird","bird",2
"birdst"",","birdst"",",1
"birth","birth",6
"biryani","biryani",1
"bjp","bjp",38
"bjp"",","bjp"",",2
"bjps","bjps",1
"bjpwhi"",","bjpwhi"",",1
"blabber"",","blabber"",",1
"black","black",1
"blahba","blahba",1
"blame","blame",1
"blatant","blatant",1
"bless","bless",1
"bless"",","bless"",",1
"blind","blind",2
"blind"",","blind"",",2
"blitzkrieg","blitzkrieg",1
"blood","blood",2
"blow","blow",3
"blow"",","blow"",",1
"blue","blue",2
"bluf","bluf",4
"blunder","blunder",1
"boast","boast",1
"bodi","bodi",1
"bofor","bofor",4
"boforsjkgovernor","boforsjkgovernor",1
"bogussilli"",","bogussilli"",",1
"bolega","bolega",1
"bollywood","bollywood",1
"bolr","bolr",1
"bolt","bolt",2
"book","book",27
"border","border",1
"bore","bore",1
"bore"",","bore"",",1
"born","born",3
"born"",","born"",",1
"boss","boss",1
"bother","bother",1
"bow","bow",1
"boy","boy",1
"boycott","boycott",1
"brain","brain",3
"brass","brass",26
"brave","brave",2
"braveheart","braveheart",1
"bravest","bravest",1
"break","break",25
"breakingdigvijay","breakingdigvijay",1
"bri"",","bri"",",1
"brilliant","brilliant",2
"bring","bring",3
"brit"",","brit"",",1
"british","british",2
"bro"",","bro"",",1
"broke","broke",1
"broken","broken",1
"brother","brother",11
"brought","brought",1
"brutal","brutal",2
"btw","btw",4
"buddhist","buddhist",2
"budhoo"",","budhoo"",",1
"buffon","buffon",1
"buffoon","buffoon",1
"build","build",1
"bun","bun",1
"bunch","bunch",1
"burn","burn",1
"busi","busi",2
"bussinesswhi","bussinesswhi",1
"butcher","butcher",7
"buy","buy",2
"bye","bye",1
"bynamo","bynamo",1
"c"",","c"",",6
"c(""stop","c(""stop",1
"ca"",","ca"",",32
"cabinetn","cabinetn",1
"cadr","cadr",1
"calcul","calcul",1
"call","call",23
"calori"",","calori"",",1
"came","came",2
"campaign","campaign",13
"campaign"",","campaign"",",1
"can","can",56
"can"",","can"",",2
"candid","candid",7
"candid"",","candid"",",1
"cannon","cannon",2
"cant","cant",16
"cant"",","cant"",",1
"canva","canva",1
"capac","capac",1
"capt","capt",1
"captain","captain",24
"card","card",1
"care","care",3
"care"",","care"",",3
"carri","carri",26
"cartoon","cartoon",1
"cas","cas",1
"case","case",6
"case"",","case"",",1
"cast","cast",1
"catch","catch",2
"categori","categori",1
"caus","caus",2
"celebr","celebr",3
"celebr"",","celebr"",",1
"cement","cement",1
"centr","centr",3
"central","central",4
"certain","certain",1
"chacha","chacha",1
"chahiy"",","chahiy"",",1
"chai","chai",1
"chain","chain",1
"chairperson","chairperson",2
"chaiwala","chaiwala",1
"chaiwala"",","chaiwala"",",1
"challeng","challeng",4
"chamcha","chamcha",1
"chanc","chanc",3
"chanc"",","chanc"",",1
"chandigarh","chandigarh",58
"chandigarh"",","chandigarh"",",1
"chang","chang",9
"channel","channel",2
"charact"",","charact"",",1
"character(0)))","character(0)))",1
"character(0),","character(0),",5
"charg","charg",3
"charm","charm",1
"chatta"",","chatta"",",1
"chatuevedi","chatuevedi",1
"cheat","cheat",6
"cheater","cheater",1
"check","check",1
"cheek","cheek",1
"cheerlead","cheerlead",1
"chehra","chehra",1
"chemistri","chemistri",1
"chhodo","chhodo",1
"chhota","chhota",1
"chief","chief",4
"chiefmodi","chiefmodi",1
"chiefold","chiefold",1
"children","children",1
"chipschip","chipschip",1
"chit","chit",25
"cho","cho",1
"choic","choic",2
"choic"",","choic"",",1
"chokidar","chokidar",1
"chopper","chopper",27
"chor","chor",19
"chor"",","chor"",",3
"chordont","chordont",1
"chore","chore",1
"chorkabeta"",","chorkabeta"",",1
"choti","choti",1
"choudhuri","choudhuri",12
"choukidar","choukidar",1
"chowk","chowk",1
"chowkidaar","chowkidaar",2
"chowkidaarchorhai","chowkidaarchorhai",1
"chowkidar","chowkidar",4
"chowkidar"",","chowkidar"",",1
"chowkidarchorhai","chowkidarchorhai",3
"christian","christian",3
"chunavi","chunavi",1
"chupaan","chupaan",1
"chweet"",","chweet"",",1
"ci"",","ci"",",3
"circl","circl",1
"circul","circul",1
"circumst","circumst",2
"citi","citi",1
"citi"",","citi"",",1
"citiz"",","citiz"",",1
"citizen","citizen",1
"citizenship","citizenship",5
"citizenshipakshay","citizenshipakshay",2
"clai"",","clai"",",1
"claim","claim",3
"class","class",4
"clean","clean",31
"cleanli"",","cleanli"",",1
"clear","clear",2
"close","close",2
"closest","closest",1
"clout","clout",1
"clown","clown",1
"clown"",","clown"",",1
"clue","clue",1
"cnf","cnf",1
"cnns","cnns",4
"co"",","co"",",3
"coalit"",","coalit"",",1
"coalscam","coalscam",1
"cock","cock",2
"cohes","cohes",1
"colleagu","colleagu",1
"collegu","collegu",1
"coloni","coloni",4
"column"",","column"",",1
"combin"",","combin"",",1
"combinedgood","combinedgood",1
"come","come",41
"come"",","come"",",1
"comedi","comedi",1
"comm"",","comm"",",2
"command","command",1
"comment","comment",60
"comment"",","comment"",",5
"commit","commit",1
"communal","communal",1
"communic","communic",3
"compaign","compaign",1
"compar"",","compar"",",1
"compel","compel",1
"complaint","complaint",2
"complaint"",","complaint"",",2
"complet","complet",9
"complex","complex",1
"compliment"",","compliment"",",1
"compon","compon",3
"comprom"",","comprom"",",1
"compromis","compromis",2
"comput","comput",1
"con"",","con"",",3
"concept","concept",1
"concern","concern",38
"concern"",","concern"",",16
"condemn","condemn",3
"condit","condit",1
"confer","confer",1
"confer"",","confer"",",3
"confid","confid",3
"confid"",","confid"",",1
"confirm","confirm",2
"confus","confus",1
"cong","cong",7
"cong"",","cong"",",2
"congr"",","congr"",",8
"congrat","congrat",3
"congratul","congratul",1
"congresi","congresi",1
"congress","congress",171
"congress"",","congress"",",7
"congressi","congressi",1
"congressi"",","congressi"",",1
"congressman","congressman",1
"congressmuktbharat","congressmuktbharat",1
"conqu"",","conqu"",",3
"consecut","consecut",1
"consid","consid",3
"constitut","constitut",2
"contempt","contempt",1
"content","content",1
"contest","contest",1
"continu","continu",11
"contract","contract",1
"contribut","contribut",2
"controversi","controversi",2
"convert","convert",1
"convert"",","convert"",",2
"convict","convict",2
"convinc","convinc",1
"cook","cook",1
"cool","cool",2
"copi","copi",1
"core","core",1
"correct","correct",3
"corrupt","corrupt",19
"corrupt"",","corrupt"",",2
"cost","cost",4
"cou"",","cou"",",3
"couldnt","couldnt",2
"count"",","count"",",2
"countri","countri",17
"countri"",","countri"",",2
"court","court",15
"court"",","court"",",1
"cover","cover",4
"coverag","coverag",1
"coveru"",","coveru"",",1
"coverup","coverup",1
"cowar"",","cowar"",",1
"coz","coz",2
"crack","crack",8
"crack"",","crack"",",2
"cracker","cracker",1
"crazi","crazi",2
"creat","creat",5
"createdwhen","createdwhen",1
"creativ","creativ",1
"credit"",","credit"",",1
"creed"",","creed"",",1
"cri","cri",1
"cri"",","cri"",",2
"crime","crime",1
"crime"",","crime"",",1
"crimew","crimew",1
"crimin","crimin",1
"crimin"",","crimin"",",2
"crisi","crisi",4
"critic","critic",1
"crocodil","crocodil",1
"crore","crore",7
"crore"",","crore"",",1
"cross","cross",8
"cross"",","cross"",",2
"crowd"",","crowd"",",3
"crown","crown",1
"cruel","cruel",1
"cryingth"",","cryingth"",",1
"csn","csn",1
"culp"",","culp"",",1
"culprit","culprit",1
"cultur","cultur",1
"cum","cum",1
"current","current",5
"curs","curs",1
"curtain","curtain",18
"curz"",","curz"",",5
"cut","cut",56
"d"",","d"",",4
"dad","dad",1
"dagger","dagger",1
"daili","daili",1
"dakhla","dakhla",1
"dalal"",","dalal"",",1
"dalit","dalit",1
"dallaz","dallaz",1
"damag","damag",1
"danc","danc",1
"dang","dang",1
"dang"",","dang"",",1
"danger","danger",1
"danger"",","danger"",",1
"dangercongress","dangercongress",3
"dard","dard",1
"dare","dare",2
"daretodeb","daretodeb",1
"dark","dark",1
"dart","dart",1
"date","date",2
"datetimestamp","datetimestamp",1
"day","day",24
"day"",","day"",",2
"dayhenc","dayhenc",1
"de"",","de"",",1
"dead","dead",3
"deal","deal",2
"deal"",","deal"",",1
"dear"",","dear"",",1
"death","death",6
"debacl","debacl",1
"debat","debat",5
"debat"",","debat"",",2
"debtsund"",","debtsund"",",3
"dec","dec",1
"decad","decad",3
"decad"",","decad"",",1
"decadeeven","decadeeven",1
"decent","decent",2
"deci"",","deci"",",1
"decid","decid",21
"decis","decis",4
"declar","declar",2
"decod","decod",1
"deep","deep",1
"deeper","deeper",1
"defam","defam",3
"default","default",3
"defeat","defeat",3
"defeat"",","defeat"",",2
"defend","defend",1
"defi"",","defi"",",1
"definit","definit",3
"defraud","defraud",3
"degre","degre",1
"delay","delay",1
"delet","delet",4
"delhi","delhi",20
"delhijust","delhijust",1
"deliber","deliber",1
"deliv","deliv",1
"deliver","deliver",1
"deliveri","deliveri",1
"delus","delus",1
"dem"",","dem"",",1
"demand","demand",10
"demo","demo",1
"democraci","democraci",2
"demolish","demolish",2
"demonetizationinstead","demonetizationinstead",1
"dena","dena",1
"deni"",","deni"",",1
"depart","depart",1
"depend","depend",2
"depict"",","depict"",",1
"depress","depress",1
"derail","derail",1
"descend","descend",1
"description","description",1
"deserv","deserv",3
"deserv"",","deserv"",",1
"desh","desh",1
"destini","destini",1
"destroy","destroy",7
"destroy"",","destroy"",",1
"develop","develop",1
"dhirubhai"",","dhirubhai"",",1
"dhyan","dhyan",1
"didnt","didnt",7
"die","die",5
"diff"",","diff"",",1
"differ","differ",5
"differ"",","differ"",",1
"difficult","difficult",2
"dig","dig",2
"digest","digest",1
"digit","digit",1
"digit"",","digit"",",1
"digniti","digniti",3
"dikhto","dikhto",1
"din","din",1
"dirt","dirt",1
"dirti","dirti",2
"disappoint","disappoint",1
"discuss","discuss",1
"disgrac","disgrac",1
"disguis","disguis",1
"disgust","disgust",4
"disgusti"",","disgusti"",",1
"dismiss","dismiss",12
"dismiss"",","dismiss"",",1
"disord"",","disord"",",1
"display","display",1
"dispos","dispos",1
"distract","distract",3
"divers","divers",1
"divert","divert",2
"divid","divid",11
"dividerinchief","dividerinchief",2
"diwali","diwali",1
"doctor","doctor",2
"document","document",2
"doesnt","doesnt",51
"dog","dog",1
"dogbark","dogbark",1
"domest","domest",1
"domesti"",","domesti"",",1
"domin","domin",1
"done","done",14
"done"",","done"",",1
"dont","dont",70
"dont"",","dont"",",1
"dose","dose",1
"doubt","doubt",4
"doubt"",","doubt"",",1
"dra"",","dra"",",18
"drag","drag",2
"drama","drama",1
"draw","draw",18
"dre"",","dre"",",1
"dream","dream",3
"dream"",","dream"",",2
"dreamt","dreamt",4
"drink","drink",2
"driver","driver",2
"drmms"",","drmms"",",4
"drop","drop",3
"drug","drug",3
"drug"",","drug"",",1
"due","due",2
"due"",","due"",",1
"duffer"",","duffer"",",1
"dufferin","dufferin",5
"dumb"",","dumb"",",1
"duplic","duplic",1
"durr","durr",1
"dyna"",","dyna"",",1
"dynam","dynam",1
"dynasti","dynasti",7
"e"",","e"",",1
"eager","eager",1
"ear","ear",1
"earlier","earlier",4
"earth","earth",1
"easili","easili",1
"east","east",1
"eat","eat",3
"econom","econom",2
"economi","economi",16
"economi"",","economi"",",1
"ed"",","ed"",",1
"edit"",","edit"",",2
"educ","educ",6
"educ"",","educ"",",1
"educat"",","educat"",",1
"edwina","edwina",1
"effect","effect",1
"eid","eid",1
"eisii","eisii",1
"either","either",1
"ele"",","ele"",",1
"elect","elect",30
"elect"",","elect"",",9
"elector","elector",1
"electr","electr",1
"eleph","eleph",2
"els","els",33
"els"",","els"",",1
"emerg","emerg",1
"emergedrajiv","emergedrajiv",1
"employ","employ",2
"employmentsgarudapuranam","employmentsgarudapuranam",1
"empow","empow",2
"empti","empti",1
"end","end",6
"energi","energi",3
"english","english",2
"english"",","english"",",1
"engrav","engrav",1
"enhanc","enhanc",1
"enjoy","enjoy",1
"enough","enough",4
"ensur","ensur",2
"entertain","entertain",1
"enthu"",","enthu"",",1
"enthusiasm","enthusiasm",4
"entir","entir",4
"epic"",","epic"",",1
"era","era",2
"eras","eras",1
"esp"",","esp"",",1
"especi","especi",1
"especi"",","especi"",",1
"etc","etc",6
"ethic","ethic",1
"ev"",","ev"",",2
"even","even",66
"ever","ever",7
"everi","everi",11
"everyal"",","everyal"",",1
"everybodi","everybodi",1
"everyon","everyon",13
"everyth","everyth",1
"evid","evid",1
"evil","evil",2
"evm","evm",2
"ex"",","ex"",",1
"exact","exact",2
"exaust","exaust",1
"except","except",2
"exclus","exclus",6
"exclus"",","exclus"",",1
"exemplari","exemplari",1
"exhibit","exhibit",1
"exodus","exodus",2
"exp"",","exp"",",1
"expect","expect",5
"experienc","experienc",13
"explain","explain",5
"explain"",","explain"",",1
"explan","explan",1
"exploit","exploit",1
"expos","expos",1
"express","express",74
"express"",","express"",",1
"extinct","extinct",3
"extra","extra",3
"eye","eye",1
"f"",","f"",",6
"fa"",","fa"",",1
"fac"",","fac"",",1
"face","face",37
"face"",","face"",",3
"facebook","facebook",49
"facil","facil",1
"fact","fact",3
"fact"",","fact"",",1
"factori"",","factori"",",2
"fail","fail",4
"failureabhoganyay"",","failureabhoganyay"",",1
"faint","faint",44
"faith","faith",1
"fake","fake",10
"fall","fall",24
"fallen"",","fallen"",",1
"fals","fals",1
"fame","fame",1
"fami"",","fami"",",1
"famil"",","famil"",",1
"famili","famili",98
"famili"",","famili"",",6
"familysay","familysay",1
"familyth","familyth",1
"famous","famous",1
"fan","fan",1
"fantast","fantast",1
"far","far",57
"fare","fare",1
"farm","farm",1
"farmer","farmer",5
"fat","fat",1
"fate","fate",1
"father","father",87
"father"",","father"",",1
"faver","faver",2
"favorit","favorit",1
"favour","favour",4
"favour"",","favour"",",1
"fear","fear",5
"februari","februari",2
"feel","feel",10
"fell","fell",1
"feroz","feroz",1
"fervour","fervour",2
"festiv","festiv",1
"festiv"",","festiv"",",1
"fi"",","fi"",",1
"fiefdom"",","fiefdom"",",1
"field","field",1
"fift"",","fift"",",2
"fight","fight",4
"fighter","fighter",10
"figur","figur",3
"file","file",3
"final","final",6
"financi","financi",1
"find","find",4
"fine","fine",1
"firefight","firefight",1
"first","first",9
"firstthen","firstthen",1
"firstyou","firstyou",1
"fit","fit",2
"fix","fix",2
"fking","fking",1
"flag","flag",1
"flat"",","flat"",",1
"flight","flight",1
"float","float",1
"flog","flog",1
"flyover","flyover",1
"fo"",","fo"",",1
"focus","focus",3
"focus"",","focus"",",1
"folk","folk",1
"folk"",","folk"",",2
"follow","follow",7
"follow"",","follow"",",1
"food","food",2
"fool","fool",6
"fool"",","fool"",",1
"foolish","foolish",1
"foot"",","foot"",",1
"forbid","forbid",2
"forc","forc",6
"foreverth","foreverth",4
"foreverwatch","foreverwatch",1
"forgeri","forgeri",1
"forget","forget",1
"forgot","forgot",1
"form","form",2
"format","format",1
"former","former",1
"former"",","former"",",1
"fortun","fortun",2
"forumlaaalo","forumlaaalo",1
"forward","forward",3
"forward"",","forward"",",2
"foto","foto",1
"found","found",12
"founder","founder",1
"francesca","francesca",1
"franklyspeak","franklyspeak",1
"fraud","fraud",2
"free","free",5
"freedom","freedom",1
"freeno","freeno",2
"fresh","fresh",1
"friday","friday",2
"friday"",","friday"",",1
"friend","friend",2
"fromdisgust","fromdisgust",1
"front","front",4
"frontlin","frontlin",1
"fsmili","fsmili",1
"fu"",","fu"",",1
"full","full",6
"fun","fun",1
"fundamentalist","fundamentalist",1
"fur"",","fur"",",1
"futur","futur",62
"futur"",","futur"",",1
"gabbar","gabbar",1
"gadh","gadh",1
"gahlot","gahlot",1
"gain","gain",2
"gambhir","gambhir",1
"game","game",1
"gamp","gamp",1
"gand"",","gand"",",1
"gandhi","gandhi",102
"gandhi"",","gandhi"",",4
"gandhian","gandhian",1
"gandhiit","gandhiit",1
"gandhiji","gandhiji",30
"gandhispeak","gandhispeak",4
"gang","gang",6
"garb","garb",1
"gas","gas",3
"gather","gather",4
"gau","gau",1
"gautam","gautam",1
"gave","gave",12
"gaya","gaya",1
"gaya"",","gaya"",",1
"geeta","geeta",5
"general","general",1
"generat","generat",1
"generat"",","generat"",",1
"genocid","genocid",3
"gentl","gentl",1
"genuin","genuin",1
"geoglob","geoglob",1
"get","get",72
"gharwalon","gharwalon",1
"ghoshp","ghoshp",4
"ghotala","ghotala",1
"ghuman","ghuman",1
"girl","girl",3
"giv"",","giv"",",1
"give","give",49
"give"",","give"",",3
"given","given",5
"glad","glad",1
"gloss","gloss",1
"glove"",","glove"",",1
"go"",","go"",",2
"goagoamin","goagoamin",1
"goamin","goamin",3
"goamin"",","goamin"",",1
"god","god",4
"god"",","god"",",1
"godhra","godhra",2
"godhra"",","godhra"",",1
"goe","goe",1
"gold","gold",2
"golden","golden",2
"gone","gone",4
"gonna","gonna",3
"good","good",19
"good"",","good"",",1
"googl","googl",1
"goosebump"",","goosebump"",",1
"gorilla"",","gorilla"",",1
"goswami","goswami",1
"goswami"",","goswami"",",3
"goswamithat","goswamithat",1
"got","got",10
"gov","gov",1
"gov"",","gov"",",1
"govern","govern",19
"govern"",","govern"",",2
"governor","governor",1
"govt","govt",8
"govt"",","govt"",",5
"govtserv","govtserv",1
"gowda","gowda",3
"gr"",","gr"",",1
"grace","grace",1
"grandmoth","grandmoth",52
"graveyard","graveyard",1
"great","great",8
"greatgrandfath","greatgrandfath",51
"greet","greet",3
"grief","grief",1
"ground","ground",1
"gst"",","gst"",",1
"guarante","guarante",1
"guess","guess",2
"guess"",","guess"",",1
"guilti","guilti",2
"guj","guj",2
"gujarat","gujarat",14
"gujarat"",","gujarat"",",1
"gujarati","gujarati",1
"gujerati","gujerati",1
"gujju","gujju",1
"gun","gun",2
"guru","guru",35
"gurudev","gurudev",6
"gurugram","gurugram",1
"gut","gut",3
"guy","guy",3
"guy"",","guy"",",1
"gwalior","gwalior",1
"gy"",","gy"",",1
"gyo","gyo",1
"h"",","h"",",7
"ha"",","ha"",",2
"haath","haath",1
"habit","habit",2
"hahahaha","hahahaha",1
"hai","hai",9
"hai"",","hai"",",4
"haiindirect","haiindirect",1
"hain","hain",1
"hair","hair",1
"half","half",1
"half"",","half"",",1
"hamar","hamar",1
"hammer","hammer",1
"hand","hand",48
"handl","handl",1
"hang","hang",2
"happen","happen",77
"happen"",","happen"",",2
"happenedth","happenedth",4
"happi","happi",3
"happili"",","happili"",",1
"har","har",1
"harass","harass",1
"hard","hard",5
"hardtimemagazi"",","hardtimemagazi"",",1
"harish","harish",1
"harm","harm",1
"harri","harri",1
"haryana","haryana",12
"hasnt","hasnt",5
"hate","hate",15
"hatiyaara","hatiyaara",1
"hatr","hatr",2
"hatredmodi","hatredmodi",1
"haunt","haunt",1
"hav"",","hav"",",2
"havent","havent",1
"head","head",1
"headach","headach",1
"heading","heading",1
"headlin","headlin",1
"heal","heal",3
"healthi","healthi",1
"hear","hear",2
"heard","heard",2
"heart","heart",47
"hei","hei",1
"hein","hein",1
"held","held",1
"helicopt","helicopt",3
"hellyou","hellyou",1
"help","help",16
"help"",","help"",",3
"helpless","helpless",1
"hem"",","hem"",",7
"henc","henc",1
"herald","herald",1
"here","here",6
"hereh","hereh",1
"heritag","heritag",1
"hes","hes",5
"hi"",","hi"",",2
"hide","hide",3
"hifi","hifi",2
"hig"",","hig"",",3
"high","high",3
"higher","higher",1
"highlight","highlight",1
"hightim","hightim",1
"highway","highway",1
"himach","himach",30
"himachalpradesh"",","himachalpradesh"",",1
"himfrom","himfrom",1
"himmat","himmat",1
"hind"",","hind"",",1
"hindi","hindi",2
"hindu","hindu",3
"hindu"",","hindu"",",1
"hindus","hindus",4
"hindusi","hindusi",5
"hindustan","hindustan",12
"hint","hint",1
"hire","hire",1
"hisher","hisher",1
"hismodi","hismodi",1
"histori","histori",5
"histori"",","histori"",",1
"hitler","hitler",1
"ho"",","ho"",",2
"hoga","hoga",2
"hoga"",","hoga"",",1
"hogi","hogi",1
"hold","hold",2
"holiday","holiday",5
"home","home",5
"honbl","honbl",1
"honest","honest",5
"honestgod","honestgod",1
"honor","honor",2
"honor"",","honor"",",1
"hope","hope",9
"hope"",","hope"",",2
"horrif","horrif",1
"hors","hors",2
"hospit","hospit",3
"host","host",1
"hot","hot",2
"hotel","hotel",1
"hoti","hoti",1
"hour","hour",2
"howev","howev",5
"hp"",","hp"",",2
"ht"",","ht"",",1
"hts","hts",4
"hts"",","hts"",",2
"hu"",","hu"",",1
"hua","hua",38
"hua"",","hua"",",1
"huatohhua","huatohhua",2
"huatohhua"",","huatohhua"",",1
"huatohu"",","huatohu"",",1
"huatohua","huatohua",4
"huawhat","huawhat",1
"hug"",","hug"",",1
"huge","huge",2
"human","human",1
"humbl","humbl",3
"hume","hume",5
"humiliat"",","humiliat"",",1
"humour","humour",1
"humour"",","humour"",",1
"hunt","hunt",1
"hurt","hurt",2
"hve","hve",1
"ibrahim","ibrahim",1
"idea","idea",2
"ideal","ideal",2
"identifi","identifi",1
"ideol"",","ideol"",",1
"ideolog","ideolog",1
"idiom","idiom",1
"idiot","idiot",1
"idiot"",","idiot"",",1
"ignor","ignor",1
"ignor"",","ignor"",",1
"iip","iip",1
"ill","ill",2
"illeg","illeg",1
"illustr","illustr",1
"imag","imag",2
"imag"",","imag"",",1
"imagin","imagin",1
"immedi","immedi",4
"immedi"",","immedi"",",1
"implementationrahulkabaapchorhai","implementationrahulkabaapchorhai",1
"import","import",6
"imposs","imposs",2
"imposs"",","imposs"",",1
"impress","impress",1
"imran","imran",2
"in"",","in"",",1
"inappropri","inappropri",1
"inc","inc",2
"inc"",","inc"",",1
"inch","inch",45
"incid","incid",4
"incl"",","incl"",",7
"includ","includ",2
"increas","increas",2
"incred","incred",2
"increment","increment",1
"ind"",","ind"",",1
"inde"",","inde"",",1
"independ"",","independ"",",1
"indi"",","indi"",",2
"india","india",74
"india""),","india""),",1
"india"",","india"",",10
"indiaelect","indiaelect",1
"indian","indian",27
"indian"",","indian"",",1
"indianarmi","indianarmi",1
"indiannavi","indiannavi",2
"indic"",","indic"",",4
"indira","indira",2
"individu","individu",2
"infight","infight",1
"inflict","inflict",1
"inform","inform",1
"initi"",","initi"",",1
"inm","inm",1
"inner","inner",1
"innoc","innoc",2
"insaaf","insaaf",1
"insens","insens",1
"insensit","insensit",2
"insensitivemisleadi"",","insensitivemisleadi"",",1
"inspir","inspir",2
"instant","instant",1
"instead","instead",2
"insteadno","insteadno",1
"institut","institut",2
"institut"",","institut"",",1
"instructedsuggest"",","instructedsuggest"",",1
"insult","insult",1
"insviraat","insviraat",1
"insvirat","insvirat",2
"integr"",","integr"",",1
"intellig","intellig",1
"intelligentfal","intelligentfal",1
"intelligentsia","intelligentsia",1
"interact","interact",3
"interest","interest",1
"interest"",","interest"",",2
"intern","intern",3
"internet","internet",1
"interview","interview",80
"interview"",","interview"",",7
"intoler","intoler",4
"inv"",","inv"",",1
"invent","invent",1
"invest","invest",1
"investig","investig",2
"involuntari","involuntari",1
"involv","involv",3
"involv"",","involv"",",2
"ipkf","ipkf",1
"irani","irani",1
"irksom"",","irksom"",",1
"irrelev","irrelev",2
"isdst","isdst",1
"isp","isp",1
"isp"",","isp"",",1
"issu","issu",9
"issu"",","issu"",",7
"issuemainhindustanhoon","issuemainhindustanhoon",2
"issuesif","issuesif",1
"itali","itali",1
"italian","italian",2
"itthank","itthank",2
"iyc","iyc",2
"j"",","j"",",16
"jaant","jaant",1
"jagdish","jagdish",2
"jagdishtytl"",","jagdishtytl"",",9
"jaien","jaien",1
"jail","jail",3
"jail"",","jail"",",1
"jain","jain",1
"jain"",","jain"",",3
"jaisi","jaisi",1
"jaitley","jaitley",1
"jamadar","jamadar",1
"jammu","jammu",1
"jampk","jampk",2
"janeudhari","janeudhari",1
"jaraheho","jaraheho",1
"jawan","jawan",1
"jay","jay",1
"jayanti","jayanti",3
"jealous","jealous",1
"jee","jee",2
"jhakhar","jhakhar",1
"jhi","jhi",1
"ji"",","ji"",",16
"jiask","jiask",2
"jignesh","jignesh",1
"jija","jija",1
"jin","jin",1
"jindabad"",","jindabad"",",1
"jis","jis",12
"jisko","jisko",1
"jitegamo"",","jitegamo"",",1
"job","job",6
"job"",","job"",",3
"jobless","jobless",1
"jobsdemonetis","jobsdemonetis",1
"jock","jock",1
"join","join",2
"joke","joke",1
"joke"",","joke"",",2
"joker","joker",1
"josh","josh",1
"journal"",","journal"",",1
"journalist","journalist",3
"journalist"",","journalist"",",1
"journalistarnab"",","journalistarnab"",",1
"journey","journey",1
"joy","joy",1
"ju"",","ju"",",5
"judgment"",","judgment"",",1
"jumbo","jumbo",1
"jumla","jumla",1
"junk","junk",1
"jus"",","jus"",",1
"just","just",32
"justic","justic",4
"kaam","kaam",1
"kabhi","kabhi",1
"kah","kah",1
"kaha","kaha",1
"kamalnath","kamalnath",3
"kamalnath"",","kamalnath"",",1
"kangaal","kangaal",1
"kanjiriw"",","kanjiriw"",",1
"kapil","kapil",1
"kar","kar",1
"karan","karan",2
"karma"",","karma"",",1
"karn","karn",2
"karnataka","karnataka",8
"karni","karni",1
"kashmir","kashmir",2
"kashmiri","kashmiri",3
"katleaam","katleaam",9
"kee"",","kee"",",1
"keep","keep",8
"kept","kept",2
"kerala","kerala",3
"kerjiw","kerjiw",1
"khan","khan",2
"khan"",","khan"",",2
"khangress","khangress",1
"khangressi","khangressi",1
"khilaf","khilaf",1
"kholn","kholn",1
"khush","khush",1
"ki"",","ki"",",1
"kick","kick",1
"kid","kid",2
"kill","kill",8
"killedand","killedand",1
"killer","killer",1
"kimar","kimar",1
"kind","kind",2
"kind"",","kind"",",2
"kis","kis",1
"kise","kise",1
"kish","kish",1
"kisiko","kisiko",1
"know","know",24
"know"",","know"",",1
"knowledg","knowledg",1
"known","known",2
"knw","knw",1
"koi","koi",1
"kon","kon",1
"koshish","koshish",1
"krishna","krishna",1
"kuchbhihosaktahai","kuchbhihosaktahai",1
"kuchh","kuchh",1
"kudo","kudo",2
"kuffur","kuffur",1
"kumar","kumar",7
"kunt"",","kunt"",",1
"kya","kya",3
"kya"",","kya"",",1
"l"",","l"",",4
"la"",","la"",",2
"labour","labour",3
"lac","lac",4
"lag"",","lag"",",2
"lakh","lakh",2
"lakh"",","lakh"",",2
"land","land",2
"language","language",1
"larg","larg",13
"larger","larger",1
"largest"",","largest"",",1
"last","last",14
"late","late",3
"late"",","late"",",1
"later","later",2
"latest","latest",2
"laugh","laugh",1
"launch","launch",1
"law","law",1
"law"",","law"",",2
"lazi","lazi",1
"le"",","le"",",2
"lea"",","lea"",",1
"lead","lead",1
"lead"",","lead"",",1
"leader","leader",98
"leader"",","leader"",",4
"leaderb","leaderb",1
"leadership","leadership",5
"leagu","leagu",5
"learn","learn",5
"least","least",4
"least"",","least"",",1
"leav","leav",1
"led","led",12
"left","left",3
"leg","leg",2
"legaci","legaci",4
"lege"",","lege"",",1
"legitim","legitim",3
"length"",","length"",",1
"less","less",4
"lesson","lesson",3
"let","let",6
"letss"",","letss"",",1
"letter","letter",1
"level","level",1
"liar","liar",8
"liar"",","liar"",",1
"liber","liber",1
"lid","lid",1
"lie","lie",10
"lie"",","lie"",",1
"lier"",","lier"",",1
"life","life",8
"lifetim","lifetim",1
"lift","lift",1
"like","like",39
"like"",","like"",",2
"likha","likha",1
"limit","limit",2
"line","line",8
"lineag","lineag",1
"link","link",24
"link"",","link"",",1
"list","list",1
"list"",","list"",",1
"list(author","list(author",1
"list(content","list(content",1
"list(sec","list(sec",1
"listen","listen",6
"litig","litig",5
"littl","littl",1
"littl"",","littl"",",1
"live","live",5
"live"",","live"",",1
"livelihood","livelihood",2
"livin"",","livin"",",1
"liy","liy",1
"lo"",","lo"",",8
"loath","loath",1
"local","local",1
"locat","locat",4
"log","log",2
"lok","lok",1
"lokpal","lokpal",1
"loksabha","loksabha",2
"loksabhaeelct","loksabhaeelct",1
"loksabhaelect"",","loksabhaelect"",",1
"londoninc","londoninc",5
"long","long",6
"look","look",11
"loos","loos",4
"loot","loot",8
"loot"",","loot"",",1
"looter","looter",1
"lorri","lorri",1
"lose","lose",10
"loseswhich","loseswhich",1
"loss","loss",4
"lost","lost",5
"lot","lot",2
"loud","loud",2
"love","love",15
"low","low",1
"lower","lower",1
"lowtax","lowtax",1
"lucknow"",","lucknow"",",1
"lutyen","lutyen",1
"lutyensmedia","lutyensmedia",1
"m"",","m"",",7
"ma"",","ma"",",1
"maam","maam",1
"maath","maath",1
"mad","mad",1
"mad"",","mad"",",1
"madam"",","madam"",",1
"made","made",51
"madhubani","madhubani",1
"madhya","madhya",6
"madrassa","madrassa",1
"mafia","mafia",1
"mag","mag",1
"magazin","magazin",4
"magazin"",","magazin"",",1
"mahagathbandhan"",","mahagathbandhan"",",1
"maharajah","maharajah",1
"maharashtra","maharashtra",3
"mahatma","mahatma",1
"mahila","mahila",1
"mahua","mahua",1
"mai","mai",1
"main","main",1
"major","major",1
"mak"",","mak"",",1
"make","make",27
"make"",","make"",",1
"makingampselect","makingampselect",1
"male"",","male"",",2
"man","man",7
"man"",","man"",",2
"mandhir"",","mandhir"",",1
"mandir","mandir",1
"manga","manga",1
"mani","mani",27
"mani"",","mani"",",1
"manishanka"",","manishanka"",",1
"manishankarayyar","manishankarayyar",1
"manmohan","manmohan",103
"manoranjan","manoranjan",1
"mantri","mantri",1
"mar"",","mar"",",1
"march","march",1
"margda"",","margda"",",2
"marino","marino",1
"market","market",1
"marri","marri",2
"marta","marta",1
"martyr","martyr",3
"masjid","masjid",1
"mass","mass",4
"massacr","massacr",4
"massacr"",","massacr"",",25
"massag","massag",1
"master","master",3
"master"",","master"",",1
"mataram"",","mataram"",",1
"materi"",","materi"",",2
"mathemat"",","mathemat"",",1
"matter","matter",4
"mattersindia","mattersindia",1
"matur","matur",2
"max","max",2
"may","may",19
"may"",","may"",",2
"mayb","mayb",1
"mayhem","mayhem",1
"mday","mday",1
"mean","mean",4
"mean"",","mean"",",1
"meant","meant",3
"measur","measur",1
"medi"",","medi"",",3
"media","media",13
"media"",","media"",",1
"mediocr","mediocr",2
"mee"",","mee"",",1
"meet","meet",93
"meet"",","meet"",",1
"mehilay"",","mehilay"",",1
"mein","mein",1
"member","member",3
"membership","membership",1
"membership"",","membership"",",1
"memberssympathis"",","memberssympathis"",",1
"meme","meme",4
"memori","memori",3
"men","men",12
"mental","mental",1
"mental"",","mental"",",1
"mention","mention",2
"mentor","mentor",33
"mere","mere",6
"messag","messag",4
"met","met",2
"meta","meta",1
"metaphor","metaphor",1
"mewher","mewher",1
"mha","mha",5
"mi"",","mi"",",1
"middl","middl",1
"midnight","midnight",1
"might","might",2
"millennium","millennium",1
"million","million",1
"min","min",1
"mind","mind",7
"mind"",","mind"",",1
"mindset"",","mindset"",",1
"mine","mine",3
"minist","minist",13
"minist"",","minist"",",1
"ministercould","ministercould",1
"ministri","ministri",2
"minor","minor",1
"minut","minut",1
"miracul","miracul",8
"mirror","mirror",1
"misattribut","misattribut",1
"misde"",","misde"",",2
"misinterpret","misinterpret",1
"miss","miss",2
"mission","mission",1
"mistak"",","mistak"",",2
"misus","misus",1
"mlas","mlas",3
"mms","mms",3
"mms"",","mms"",",5
"mo"",","mo"",",1
"mobil","mobil",2
"mock","mock",2
"mockeri","mockeri",1
"mod"",","mod"",",9
"mode","mode",15
"modi","modi",208
"modi"",","modi"",",39
"modibut","modibut",1
"modiji","modiji",24
"modiji"",","modiji"",",1
"modishah","modishah",1
"modit"",","modit"",",1
"mole","mole",1
"mom","mom",1
"mom"",","mom"",",1
"moment","moment",1
"mon","mon",1
"money","money",3
"money"",","money"",",1
"moni","moni",1
"month","month",1
"mood","mood",1
"moradabad","moradabad",1
"moran","moran",1
"morena","morena",2
"morn","morn",2
"mosth","mosth",1
"mother","mother",6
"motherland","motherland",1
"mothersonia","mothersonia",30
"mou","mou",1
"mouth","mouth",2
"move","move",47
"moveon"",","moveon"",",1
"mr"",","mr"",",6
"mrsharad","mrsharad",1
"mrshitroda","mrshitroda",1
"mubarak","mubarak",2
"much","much",40
"much"",","much"",",26
"mukt","mukt",1
"mukundpur","mukundpur",1
"murder","murder",2
"muslim","muslim",11
"muslim"",","muslim"",",2
"must","must",22
"must"",","must"",",1
"mustwatchmodihiaayega"",","mustwatchmodihiaayega"",",1
"muturdawood","muturdawood",1
"muzaffarpur","muzaffarpur",1
"mybook","mybook",1
"mysteri","mysteri",1
"myth","myth",1
"n"",","n"",",7
"na"",","na"",",2
"nagar","nagar",4
"nagma","nagma",1
"nahi","nahi",1
"naidu","naidu",3
"nalandabihar","nalandabihar",1
"nam","nam",1
"name","name",7
"name"",","name"",",2
"namo","namo",3
"namo"",","namo"",",1
"nanavati","nanavati",2
"narendra","narendra",40
"narendramodi","narendramodi",1
"narrat","narrat",16
"natendra","natendra",5
"nati"",","nati"",",2
"nation","nation",26
"nation"",","nation"",",2
"nationalheraldscam","nationalheraldscam",1
"nationalismcorruptionfreeindia"",","nationalismcorruptionfreeindia"",",1
"natureand","natureand",1
"navi","navi",54
"ncp","ncp",1
"ndtv","ndtv",1
"ndtvs","ndtvs",1
"near","near",1
"necessari","necessari",1
"neech","neech",1
"need","need",40
"need"",","need"",",2
"neend","neend",1
"neerav","neerav",1
"negat","negat",3
"neglect","neglect",1
"neh"",","neh"",",1
"nehru","nehru",5
"nehru"",","nehru"",",1
"neighbor","neighbor",1
"nervous","nervous",5
"nervus","nervus",1
"neta","neta",1
"netawel","netawel",1
"neutral","neutral",1
"never","never",29
"new","new",7
"news","news",17
"nexilit","nexilit",1
"next","next",3
"nexusexplor"",","nexusexplor"",",1
"nice","nice",2
"nicer","nicer",1
"night","night",1
"nightnobodi","nightnobodi",1
"nirbaya"",","nirbaya"",",1
"nirupamaiyarsidhu","nirupamaiyarsidhu",1
"nit"",","nit"",",4
"nitish","nitish",4
"nobodi","nobodi",1
"nomin","nomin",1
"non","non",3
"none","none",1
"none"",","none"",",1
"nonperformanceon","nonperformanceon",1
"nonsens","nonsens",29
"nonsenseif","nonsenseif",1
"nopens"",","nopens"",",1
"normal","normal",1
"normalis","normalis",1
"note","note",2
"noth","noth",6
"notic","notic",10
"nov","nov",1
"now","now",24
"now"",","now"",",2
"nowher","nowher",1
"nps","nps",2
"nsui","nsui",1
"nullifi","nullifi",5
"number","number",20
"number"",","number"",",1
"nyay","nyay",40
"nyay"",","nyay"",",2
"o"",","o"",",5
"object"",","object"",",2
"obsess","obsess",54
"obtain","obtain",1
"obvious","obvious",1
"ocd","ocd",1
"ofcoursene","ofcoursene",1
"offenc"",","offenc"",",1
"offend","offend",1
"offer","offer",23
"offic","offic",4
"offic"",","offic"",",8
"offici","offici",3
"often","often",1
"old","old",7
"older","older",13
"olympics"",","olympics"",",5
"onboard","onboard",1
"one","one",57
"one"",","one"",",2
"onl"",","onl"",",1
"onpakoda"",","onpakoda"",",3
"oowho","oowho",1
"op"",","op"",",1
"open","open",7
"opp"",","opp"",",1
"oppon","oppon",2
"opportun","opportun",2
"opportunist","opportunist",18
"opposit","opposit",6
"option","option",2
"order","order",2
"ordin","ordin",1
"ordinari","ordinari",1
"organis","organis",3
"origin","origin",4
"origin"",","origin"",",2
"ot"",","ot"",",2
"oth"",","oth"",",1
"other","other",3
"otherwi"",","otherwi"",",1
"otherwis","otherwis",2
"ourhelicopt","ourhelicopt",6
"outfit","outfit",1
"outflank","outflank",56
"outmaneuv","outmaneuv",17
"outmanoeuvr","outmanoeuvr",39
"outmanoeuvredfranklyh","outmanoeuvredfranklyh",1
"outrag","outrag",7
"outsourc","outsourc",2
"ov"",","ov"",",3
"overconfid","overconfid",1
"overlet","overlet",1
"owe","owe",8
"p"",","p"",",4
"pacchiahazaar","pacchiahazaar",2
"padyatra","padyatra",2
"pagal","pagal",1
"page","page",5
"page"",","page"",",1
"paid","paid",1
"pain","pain",7
"pais","pais",1
"pais"",","pais"",",21
"pak","pak",3
"pakistan","pakistan",4
"pakistan"",","pakistan"",",2
"pakistani","pakistani",5
"pakoda","pakoda",2
"pallavi","pallavi",4
"pandit","pandit",3
"papa","papa",3
"paper","paper",1
"pappu","pappu",17
"pappu"",","pappu"",",2
"para","para",1
"para"",","para"",",1
"paramilitari","paramilitari",1
"paranoid","paranoid",1
"parenterag"",","parenterag"",",1
"parivaar"",","parivaar"",",1
"pariwar","pariwar",1
"park","park",1
"parliament","parliament",2
"parshuramjayanti","parshuramjayanti",1
"part","part",3
"part"",","part"",",1
"parti","parti",26
"parti"",","parti"",",2
"partial","partial",1
"partner","partner",1
"partyh","partyh",1
"partyw","partyw",2
"past","past",10
"past"",","past"",",1
"path","path",1
"pathet","pathet",1
"patroda","patroda",1
"pawar","pawar",1
"pay","pay",3
"pay"",","pay"",",1
"payer","payer",2
"peac","peac",1
"peanut"",","peanut"",",1
"pedect","pedect",1
"pee","pee",1
"pension","pension",1
"pension"",","pension"",",2
"peopl","peopl",53
"peopl"",","peopl"",",1
"peopleobvi","peopleobvi",1
"peopleso","peopleso",1
"per","per",2
"perfect","perfect",2
"perform","perform",1
"peril","peril",4
"perpetr","perpetr",1
"persecut","persecut",1
"person","person",49
"person"",","person"",",18
"petit","petit",3
"petition","petition",1
"petroda","petroda",1
"petti","petti",1
"phase","phase",4
"phenomenon"",","phenomenon"",",1
"philosophi","philosophi",1
"phirekbaarmodisarkaar"",","phirekbaarmodisarkaar"",",1
"phoenix","phoenix",8
"phone","phone",2
"photo","photo",4
"physic","physic",1
"pic","pic",2
"pictur","pictur",1
"piec","piec",2
"pilot","pilot",1
"pilotrahul","pilotrahul",1
"pious","pious",1
"pit","pit",1
"pitro"",","pitro"",",1
"pitroda","pitroda",76
"pitroda"",","pitroda"",",1
"pitrodaguru","pitrodaguru",1
"pitrodaji","pitrodaji",3
"pitti","pitti",1
"place","place",2
"plan","plan",6
"plan"",","plan"",",1
"planet"",","planet"",",2
"plant","plant",1
"platform","platform",1
"platform"",","platform"",",1
"play","play",3
"plea","plea",1
"pleas","pleas",34
"pleas"",","pleas"",",3
"pledg","pledg",1
"plet","plet",1
"plight","plight",1
"pls","pls",2
"plus","plus",1
"pluscongress"",","pluscongress"",",1
"plz","plz",3
"plz"",","plz"",",1
"pm"",","pm"",",10
"pmcan","pmcan",27
"pmimrankhan","pmimrankhan",1
"pmo"",","pmo"",",1
"pmoffic","pmoffic",1
"pms","pms",5
"pmthe","pmthe",1
"po"",","po"",",1
"podcast","podcast",1
"pogrom","pogrom",1
"point","point",4
"poison","poison",2
"polaris","polaris",1
"polic","polic",1
"polici","polici",2
"polish","polish",1
"polit","polit",42
"polit"",","polit"",",4
"politi"",","politi"",",1
"politician","politician",7
"politicsh"",","politicsh"",",1
"politicsif","politicsif",1
"poll","poll",5
"poor","poor",2
"poorfil"",","poorfil"",",2
"popul","popul",1
"porkistan"",","porkistan"",",1
"pos"",","pos"",",30
"posit","posit",2
"posit"",","posit"",",3
"possibl","possibl",3
"possibl"",","possibl"",",1
"post","post",63
"post"",","post"",",1
"pot","pot",1
"potato","potato",1
"potato"",","potato"",",1
"pow"",","pow"",",1
"power","power",4
"power"",","power"",",1
"poweruno","poweruno",1
"powerwil","powerwil",1
"ppl","ppl",28
"pr"",","pr"",",1
"practic","practic",3
"pradesh","pradesh",22
"pradesh"",","pradesh"",",6
"pradeshyou","pradeshyou",7
"pradhan","pradhan",3
"pragya","pragya",1
"pramod","pramod",1
"pray"",","pray"",",1
"predecessor","predecessor",1
"predict","predict",10
"prem","prem",1
"preplan","preplan",1
"present","present",59
"presid","presid",158
"presid"",","presid"",",8
"press","press",4
"presstitut","presstitut",1
"presstitut"",","presstitut"",",1
"pressur","pressur",8
"pressur"",","pressur"",",6
"pretti","pretti",1
"prevail","prevail",1
"previous","previous",1
"prez","prez",3
"price","price",1
"prime","prime",9
"princip","princip",4
"prioritis","prioritis",1
"prison","prison",1
"priyanka","priyanka",3
"prob","prob",1
"probabl"",","probabl"",",1
"problem","problem",4
"problem"",","problem"",",1
"proceed","proceed",1
"produc"",","produc"",",4
"product","product",1
"programm","programm",2
"progress","progress",1
"project","project",1
"promis","promis",8
"promot"",","promot"",",1
"proof","proof",3
"proof"",","proof"",",1
"propaganda","propaganda",1
"proper","proper",1
"properti","properti",29
"properti"",","properti"",",1
"protect","protect",9
"proud","proud",2
"proud"",","proud"",",1
"prove","prove",4
"prove"",","prove"",",2
"proven","proven",1
"provid","provid",2
"public","public",101
"punish","punish",3
"punjab","punjab",41
"puppet","puppet",1
"puppi"",","puppi"",",1
"pure","pure",2
"purposemurdererrajivgandhi"",","purposemurdererrajivgandhi"",",1
"puruliawest","puruliawest",1
"push","push",1
"pushkarkab","pushkarkab",1
"put","put",9
"put"",","put"",",1
"pyaar","pyaar",1
"qualifi","qualifi",1
"qualiti","qualiti",2
"qualiti"",","qualiti"",",1
"question","question",46
"question"",","question"",",1
"questionshow","questionshow",1
"quintessenti","quintessenti",2
"quit","quit",3
"quit"",","quit"",",1
"quot","quot",1
"r"",","r"",",6
"ra"",","ra"",",1
"rabindranathtagor","rabindranathtagor",6
"raf","raf",1
"rafael","rafael",1
"rafal","rafal",2
"rafaled","rafaled",1
"rafealscam"",","rafealscam"",",1
"raga","raga",4
"raha","raha",1
"rahe","rahe",2
"rahul","rahul",47
"rahul"",","rahul"",",1
"rahulday","rahulday",1
"rahulgand"",","rahulgand"",",1
"rahulgandhi","rahulgandhi",18
"rahulgandhi"",","rahulgandhi"",",1
"rahulgandhiread"",","rahulgandhiread"",",1
"rahulgandhisimpl","rahulgandhisimpl",1
"rahulji","rahulji",5
"rahulkabaapchorhairahulnyaydilayega"",","rahulkabaapchorhairahulnyaydilayega"",",1
"rahulnyaydilayega"",","rahulnyaydilayega"",",2
"rahulsampitroda","rahulsampitroda",1
"rai","rai",1
"railway","railway",1
"rais","rais",2
"rajast"",","rajast"",",1
"rajasthan","rajasthan",3
"raji"",","raji"",",1
"rajiv","rajiv",41
"rajiv"",","rajiv"",",1
"rajivgandhi","rajivgandhi",4
"rajivgandhi"",","rajivgandhi"",",1
"rakh","rakh",1
"ralli","ralli",13
"ram","ram",2
"ramadan","ramadan",1
"ramsetu","ramsetu",1
"rape","rape",6
"rapistkathu"",","rapistkathu"",",1
"ratan","ratan",1
"rather","rather",1
"rathr","rathr",1
"raul","raul",4
"rcom","rcom",1
"rd"",","rd"",",1
"re"",","re"",",1
"rea"",","rea"",",1
"reach","reach",2
"reaction","reaction",2
"reactionari","reactionari",1
"read","read",6
"read"",","read"",",52
"readi","readi",1
"real","real",28
"realis","realis",5
"realli","realli",11
"realli"",","realli"",",1
"reallyar","reallyar",1
"recal","recal",1
"recal"",","recal"",",1
"receiv","receiv",1
"recent","recent",1
"recogn","recogn",1
"reconsid","reconsid",1
"record","record",3
"recoveri","recoveri",3
"red","red",1
"refal","refal",1
"refer","refer",1
"refer"",","refer"",",2
"reform","reform",2
"reform"",","reform"",",1
"refrain","refrain",1
"refug","refug",1
"regret","regret",7
"regret"",","regret"",",68
"regular","regular",1
"rehears","rehears",1
"reject","reject",3
"relat","relat",2
"relentless"",","relentless"",",1
"relev","relev",2
"religi","religi",1
"religion","religion",2
"religion"",","religion"",",1
"remain","remain",4
"remark","remark",48
"remarktyp"",","remarktyp"",",1
"rememb","rememb",1
"remind","remind",2
"remov","remov",5
"remov"",","remov"",",2
"repay","repay",4
"repeat","repeat",1
"replac","replac",1
"replac"",","replac"",",1
"replay","replay",1
"repli","repli",4
"repli"",","repli"",",1
"replica"",","replica"",",1
"report","report",7
"reportshtt"",","reportshtt"",",1
"repres","repres",2
"request","request",1
"requir","requir",1
"reserv","reserv",1
"resign","resign",2
"resolut","resolut",2
"resourc","resourc",1
"respect","respect",16
"respect"",","respect"",",3
"respo"",","respo"",",1
"respon"",","respon"",",1
"respond","respond",4
"respons","respons",8
"respons"",","respons"",",1
"rest","rest",1
"restart","restart",1
"restartgoamin","restartgoamin",2
"result","result",3
"result"",","result"",",1
"resultsyou","resultsyou",1
"rethink","rethink",1
"retir","retir",3
"return","return",2
"retweet","retweet",1
"reveal","reveal",1
"review","review",1
"review"",","review"",",1
"reviv","reviv",1
"revolut"",","revolut"",",1
"reward","reward",1
"rg"",","rg"",",2
"rgs","rgs",1
"rgsg","rgsg",1
"rha","rha",1
"rid","rid",1
"ridicul","ridicul",3
"right","right",13
"right"",","right"",",3
"ring","ring",1
"riot","riot",55
"riot"",","riot"",",4
"rise","rise",3
"river","river",5
"roa","roa",1
"road","road",2
"roam","roam",1
"robot","robot",1
"rock","rock",1
"role","role",2
"role"",","role"",",1
"round","round",5
"rss"",","rss"",",1
"ruin","ruin",2
"rule","rule",7
"ruler","ruler",1
"ruler"",","ruler"",",1
"run","run",27
"run"",","run"",",1
"runtoday","runtoday",5
"rupe","rupe",2
"s"",","s"",",5
"sa"",","sa"",",3
"saab","saab",1
"sab","sab",1
"sab"",","sab"",",1
"sabha","sabha",2
"sabotag","sabotag",4
"sack","sack",1
"sad"",","sad"",",1
"sadhvi","sadhvi",1
"sadhvipragya","sadhvipragya",7
"saffron"",","saffron"",",1
"sagar","sagar",2
"sahib","sahib",9
"sahow"",","sahow"",",1
"sai"",","sai"",",1
"said","said",33
"said"",","said"",",1
"sajjan","sajjan",2
"sake","sake",1
"salut","salut",3
"sam","sam",71
"sam"",","sam"",",3
"saminsultssikh","saminsultssikh",1
"sammi","sammi",1
"samp"",","samp"",",1
"sampitro"",","sampitro"",",1
"sampitroda","sampitroda",10
"sampitroda"",","sampitroda"",",1
"samplewho","samplewho",1
"sampritoda","sampritoda",1
"sare","sare",1
"sarkar","sarkar",1
"satta","satta",1
"satyapalmalik","satyapalmalik",1
"savegoamin"",","savegoamin"",",1
"say","say",52
"say"",","say"",",47
"sc"",","sc"",",1
"scale","scale",1
"scam","scam",4
"scamist","scamist",1
"scamster"",","scamster"",",1
"scar","scar",4
"scarciti","scarciti",1
"scarcitywhi","scarcitywhi",2
"scare","scare",47
"scare"",","scare"",",2
"scenario","scenario",1
"schedul","schedul",1
"scheme","scheme",4
"scheme"",","scheme"",",2
"school","school",1
"school"",","school"",",2
"schooltransport","schooltransport",1
"scientist","scientist",1
"scream","scream",1
"screenshot"",","screenshot"",",1
"screw","screw",1
"script","script",3
"scto","scto",1
"scumbag","scumbag",1
"se"",","se"",",2
"seamless","seamless",1
"season","season",2
"seat","seat",8
"seat"",","seat"",",2
"seatscontribut","seatscontribut",1
"seatspappu","seatspappu",1
"seatsuncl","seatsuncl",1
"secret","secret",2
"secular","secular",3
"secur","secur",4
"sedit","sedit",2
"see","see",27
"see"",","see"",",2
"seek","seek",4
"seek"",","seek"",",1
"seem","seem",2
"seen","seen",4
"seiz","seiz",1
"self","self",6
"self"",","self"",",1
"selfless","selfless",1
"sell","sell",1
"send","send",1
"senil","senil",1
"senior","senior",1
"sens","sens",2
"sensibl","sensibl",1
"sensibl"",","sensibl"",",1
"sensibleaftr","sensibleaftr",1
"sent","sent",1
"sentenc","sentenc",2
"sentiment","sentiment",1
"serious","serious",3
"serious"",","serious"",",1
"serv","serv",6
"servic","servic",1
"set","set",7
"seva","seva",1
"sevak","sevak",2
"sever","sever",1
"sh"",","sh"",",1
"shade","shade",1
"shah","shah",3
"shake","shake",1
"shakeshua","shakeshua",1
"shall","shall",1
"shame","shame",5
"shankar","shankar",2
"shar"",","shar"",",1
"share","share",6
"sharma","sharma",3
"shefford","shefford",1
"shelter","shelter",1
"sher","sher",1
"shi","shi",1
"ship"",","ship"",",27
"shit","shit",3
"shitti","shitti",1
"shiv","shiv",1
"shivajibett","shivajibett",1
"shld","shld",2
"shock","shock",1
"short","short",22
"shot","shot",1
"shoul"",","shoul"",",1
"shouldnt","shouldnt",4
"shout","shout",3
"show","show",21
"show"",","show"",",1
"shown","shown",1
"shrank","shrank",1
"shree","shree",2
"shri","shri",9
"shri"",","shri"",",1
"shs","shs",1
"shsunil","shsunil",1
"shud","shud",1
"si"",","si"",",1
"side","side",3
"sikh","sikh",62
"sikh"",","sikh"",",1
"sikhgenocid","sikhgenocid",1
"sikhgenocid"",","sikhgenocid"",",1
"sikhriot","sikhriot",1
"silent","silent",2
"silent"",","silent"",",2
"silentlycr","silentlycr",1
"silli","silli",1
"simon","simon",1
"simplepeopl","simplepeopl",1
"simpli","simpli",2
"sin"",","sin"",",2
"sinc","sinc",4
"singh","singh",107
"singhji","singhji",30
"singl","singl",3
"sir","sir",16
"sir"",","sir"",",5
"sirsa","sirsa",4
"sister","sister",8
"sit","sit",4
"situa"",","situa"",",1
"situat","situat",3
"slam","slam",5
"slave","slave",2
"slaveri","slaveri",1
"slide"",","slide"",",1
"slogan","slogan",6
"small","small",1
"smear","smear",1
"smile","smile",45
"smriti","smriti",1
"snag"",","snag"",",1
"snake","snake",1
"social","social",6
"social"",","social"",",1
"sold","sold",1
"soldier","soldier",2
"solv","solv",3
"somani","somani",1
"somebodi","somebodi",2
"someo"",","someo"",",1
"someon","someon",6
"someth","someth",5
"sometim","sometim",2
"son","son",2
"son"",","son"",",1
"sona","sona",1
"soncha","soncha",1
"sonia","sonia",83
"soniagandhi","soniagandhi",2
"soniagandhi"",","soniagandhi"",",1
"soniagandhidacaithai","soniagandhidacaithai",1
"soniagandhiji","soniagandhiji",4
"soo","soo",1
"soon"",","soon"",",1
"sorri","sorri",8
"sorri"",","sorri"",",1
"soul","soul",3
"sound","sound",1
"space","space",2
"spade","spade",4
"spare","spare",2
"speacial","speacial",1
"speak","speak",6
"speec"",","speec"",",2
"speech","speech",5
"speechbillu","speechbillu",1
"speechrahul","speechrahul",1
"spend","spend",8
"spend"",","spend"",",1
"spine","spine",1
"spirit","spirit",2
"spiritu","spiritu",1
"split","split",1
"spoil","spoil",1
"spoke","spoke",3
"spoken","spoken",1
"spokesperson","spokesperson",1
"sponsor","sponsor",2
"sport","sport",1
"spot","spot",1
"spread","spread",1
"sreenivasan","sreenivasan",1
"sri","sri",2
"srilanka"",","srilanka"",",1
"ssc","ssc",1
"sscscam"",","sscscam"",",1
"st"",","st"",",3
"staff","staff",45
"stage","stage",4
"stand","stand",6
"stand"",","stand"",",2
"standup","standup",3
"star","star",2
"stare","stare",1
"start","start",12
"start"",","start"",",1
"startup","startup",7
"state","state",4
"state"",","state"",",1
"statement","statement",8
"statement"",","statement"",",1
"statesmanship","statesmanship",1
"statist"",","statist"",",1
"statu","statu",1
"status"",","status"",",1
"stay","stay",1
"stick","stick",1
"still","still",8
"stole","stole",1
"stone","stone",3
"stoop","stoop",1
"stop","stop",11
"stope","stope",1
"stori","stori",9
"straight","straight",3
"strang","strang",1
"strategi","strategi",1
"strength","strength",1
"stress","stress",1
"strike","strike",1
"strike"",","strike"",",32
"stringent","stringent",1
"strong","strong",5
"stuck","stuck",1
"student","student",2
"stuff","stuff",1
"stupid","stupid",2
"stupid"",","stupid"",",1
"style","style",4
"sub","sub",1
"submit","submit",1
"success","success",3
"sudden","sudden",1
"suffer","suffer",1
"sugar","sugar",1
"suggest"",","suggest"",",2
"suit","suit",2
"suitabl","suitabl",1
"sum"",","sum"",",1
"summeris"",","summeris"",",1
"suna","suna",1
"sunetra","sunetra",12
"sunon"",","sunon"",",1
"superb","superb",1
"supp"",","supp"",",1
"suppli","suppli",2
"support","support",5
"suppress","suppress",3
"suprem","suprem",6
"supremo","supremo",1
"sure","sure",5
"surfac","surfac",1
"surgic","surgic",3
"surj","surj",1
"surnam","surnam",1
"surrenderingwho","surrenderingwho",1
"survey","survey",1
"suspect","suspect",1
"suspend","suspend",2
"sustain","sustain",1
"swaame","swaame",2
"swami","swami",1
"symbolis","symbolis",1
"sympath","sympath",1
"sympathi","sympathi",2
"system","system",1
"system"",","system"",",1
"t"",","t"",",11
"tabl","tabl",3
"tadaka"",","tadaka"",",1
"tag","tag",3
"taint","taint",1
"take","take",46
"take"",","take"",",2
"taken","taken",3
"tal"",","tal"",",1
"tale","tale",1
"talk","talk",20
"talk"",","talk"",",1
"talkingpleas","talkingpleas",1
"tam"",","tam"",",1
"tank"",","tank"",",1
"tapar","tapar",1
"targetth","targetth",1
"taught","taught",4
"tax","tax",4
"taxdefault"",","taxdefault"",",1
"tcowhhftkh"",","tcowhhftkh"",",1
"teach","teach",1
"teach"",","teach"",",1
"teacher","teacher",1
"teachin"",","teachin"",",1
"team"",","team"",",2
"tear","tear",4
"tear"",","tear"",",1
"technic","technic",1
"technic"",","technic"",",1
"teer","teer",1
"tehsil","tehsil",1
"tel"",","tel"",",4
"televis","televis",1
"tell","tell",79
"tell"",","tell"",",1
"tere","tere",1
"tere"",","tere"",",1
"term","term",2
"terribl","terribl",2
"terrori"",","terrori"",",1
"terrorismcan","terrorismcan",2
"testimoni","testimoni",1
"testimoni"",","testimoni"",",1
"text","text",1
"th"",","th"",",18
"thakur","thakur",1
"thank","thank",4
"thap"",","thap"",",1
"thapar","thapar",1
"thappar"",","thappar"",",1
"tharki","tharki",1
"that","that",7
"that"",","that"",",1
"thatll","thatll",1
"themi"",","themi"",",2
"theori"",","theori"",",1
"thera","thera",1
"theworst","theworst",1
"theyr","theyr",1
"thi"",","thi"",",2
"thief"",","thief"",",1
"thing","thing",10
"think","think",77
"think"",","think"",",8
"thisrajivgandhichorhai"",","thisrajivgandhichorhai"",",2
"thought","thought",4
"thousand","thousand",6
"thrash","thrash",1
"thread"",","thread"",",2
"three","three",32
"thrown","thrown",1
"thst","thst",1
"thug","thug",1
"thuk","thuk",1
"thus","thus",1
"ti"",","ti"",",1
"tick","tick",2
"tie","tie",1
"tiger","tiger",1
"till","till",4
"time","time",48
"time"",","time"",",3
"timebut","timebut",1
"timemagazin"",","timemagazin"",",2
"timematterofpridenonot","timematterofpridenonot",1
"timeno","timeno",1
"timesnow","timesnow",1
"titler","titler",1
"today","today",16
"today"",","today"",",24
"todayh","todayh",1
"togeth","togeth",1
"toh","toh",32
"told","told",2
"toler","toler",1
"tomorrow","tomorrow",2
"tone","tone",3
"tonight","tonight",1
"took","took",5
"tool","tool",1
"toot"",","toot"",",1
"top","top",49
"top"",","top"",",3
"topic","topic",1
"topic"",","topic"",",1
"total","total",3
"touch","touch",4
"touch"",","touch"",",1
"toward","toward",1
"toy","toy",1
"tra"",","tra"",",1
"trace","trace",1
"trader","trader",1
"tragedi","tragedi",3
"tragedi"",","tragedi"",",1
"trail","trail",1
"train","train",1
"train"",","train"",",1
"trainif","trainif",1
"traitor","traitor",1
"transfer","transfer",1
"transform","transform",1
"trap","trap",1
"travel","travel",1
"treasuri","treasuri",1
"treat","treat",2
"treatment","treatment",1
"tree","tree",3
"trend","trend",1
"tri","tri",11
"tri"",","tri"",",1
"trip","trip",1
"tripl","tripl",1
"true","true",3
"true"",","true"",",1
"truli","truli",1
"trunk","trunk",1
"trust","trust",3
"truth","truth",7
"truth"",","truth"",",1
"tumn","tumn",1
"tune","tune",1
"turbul","turbul",43
"turn","turn",3
"turnout","turnout",1
"tweet","tweet",10
"tweet"",","tweet"",",3
"tweetingboth","tweetingboth",5
"twist","twist",2
"twitter","twitter",2
"two","two",3
"type","type",1
"typic","typic",2
"tytl"",","tytl"",",1
"tytler","tytler",1
"u"",","u"",",4
"uae","uae",2
"ugli","ugli",1
"ukfound","ukfound",2
"ume","ume",1
"un"",","un"",",1
"una","una",25
"uncl","uncl",2
"uncl"",","uncl"",",1
"uncondit","uncondit",1
"uncut","uncut",1
"underst"",","underst"",",1
"understand","understand",12
"understood","understood",1
"unemploy","unemploy",8
"unemploymentsay","unemploymentsay",1
"unfortun","unfortun",1
"unfulfil","unfulfil",1
"unhealt"",","unhealt"",",1
"unhealthi","unhealthi",6
"unhealthi"",","unhealthi"",",3
"unhing","unhing",1
"unholi","unholi",18
"unicef","unicef",1
"union","union",1
"uniqu","uniqu",1
"unko","unko",1
"unless","unless",1
"unlik","unlik",3
"unmind","unmind",2
"unnecessari","unnecessari",1
"unpreced","unpreced",3
"unteach","unteach",1
"unturn","unturn",2
"upa","upa",3
"upbring","upbring",1
"upcom","upcom",1
"upgrad","upgrad",2
"upgrad"",","upgrad"",",1
"uplift","uplift",1
"upon","upon",1
"uproot","uproot",1
"upyou","upyou",1
"urf","urf",1
"urgent"",","urgent"",",1
"us"",","us"",",2
"use","use",56
"useless","useless",2
"usher","usher",1
"usko","usko",1
"usrememb","usrememb",22
"utter","utter",1
"uwhen","uwhen",1
"vacat","vacat",2
"vacat"",","vacat"",",1
"vacationswho","vacationswho",2
"vadnagar","vadnagar",1
"vadra"",","vadra"",",1
"vadrabadachorhai","vadrabadachorhai",1
"valid","valid",1
"valmiki","valmiki",4
"vanish","vanish",1
"vario"",","vario"",",1
"varsha","varsha",1
"vedio","vedio",1
"vedio"",","vedio"",",1
"verg","verg",3
"victim","victim",9
"victori"",","victori"",",2
"video","video",8
"video"",","video"",",2
"view","view",4
"view"",","view"",",1
"vijay","vijay",1
"vile","vile",1
"villag","villag",3
"vinchi","vinchi",1
"vinci","vinci",2
"vindic","vindic",1
"vindict","vindict",1
"viol"",","viol"",",1
"violat","violat",1
"vipchopperscam","vipchopperscam",1
"viraat","viraat",1
"viral"",","viral"",",1
"virat","virat",1
"vision","vision",1
"vision"",","vision"",",1
"visit","visit",10
"visvi","visvi",2
"voic","voic",7
"vote","vote",39
"vote"",","vote"",",17
"voteforcongress","voteforcongress",1
"voter","voter",2
"votewho","votewho",1
"w"",","w"",",3
"wadha","wadha",1
"wais","wais",1
"wait","wait",3
"wake","wake",2
"wala","wala",1
"walo","walo",1
"wan"",","wan"",",1
"wanna","wanna",1
"want","want",19
"want"",","want"",",1
"war","war",1
"ward"",","ward"",",1
"warrior","warrior",1
"warship","warship",2
"washington","washington",1
"wasnt","wasnt",2
"wast","wast",3
"wat","wat",1
"watch","watch",4
"watch"",","watch"",",1
"water","water",3
"waterit","waterit",1
"wave","wave",1
"way","way",9
"way"",","way"",",1
"wayan"",","wayan"",",1
"wday","wday",1
"weak","weak",2
"weaken","weaken",2
"wear"",","wear"",",1
"weather","weather",1
"weed","weed",1
"week","week",33
"welfar","welfar",1
"well","well",12
"well"",","well"",",2
"went","went",3
"wet","wet",1
"wh"",","wh"",",2
"what","what",3
"whatev","whatev",1
"whatyou","whatyou",1
"whenev","whenev",3
"wherea","wherea",1
"whileat","whileat",1
"whole","whole",5
"whomayegatomodihi","whomayegatomodihi",1
"whos","whos",1
"whose","whose",1
"whr","whr",1
"wht","wht",1
"wi"",","wi"",",4
"wiki"",","wiki"",",1
"wil"",","wil"",",1
"will","will",170
"will"",","will"",",3
"win","win",8
"win"",","win"",",1
"wind","wind",1
"wing","wing",2
"wink"",","wink"",",1
"wipe","wipe",1
"wisdom","wisdom",1
"wise","wise",2
"wish","wish",8
"wit"",","wit"",",1
"within","within",2
"without","without",3
"wo"",","wo"",",2
"woman","woman",2
"women","women",2
"women"",","women"",",1
"won","won",2
"won"",","won"",",1
"wond"",","wond"",",1
"wonder","wonder",1
"wont","wont",2
"wor"",","wor"",",3
"word","word",39
"word"",","word"",",2
"work","work",6
"work"",","work"",",3
"worker","worker",1
"workplac"",","workplac"",",1
"world","world",3
"world"",","world"",",9
"worldar","worldar",1
"worri","worri",1
"wors","wors",1
"worship","worship",2
"worst","worst",4
"write","write",3
"writer","writer",2
"written","written",1
"wrong","wrong",5
"wrong"",","wrong"",",1
"wrongdo","wrongdo",1
"wrt","wrt",1
"wud","wud",1
"x"",","x"",",1
"y"",","y"",",1
"yaar","yaar",1
"yase"",","yase"",",1
"yday","yday",1
"yeah","yeah",1
"year","year",23
"year"",","year"",",5
"yearbut"",","yearbut"",",1
"yearswhen","yearswhen",1
"yes","yes",3
"yes"",","yes"",",1
"yeshoda","yeshoda",1
"yo"",","yo"",",1
"yougobar","yougobar",1
"young","young",15
"youngest","youngest",1
"youth","youth",4
"youv","youv",1
"youyour","youyour",1
"yrs","yrs",3
"yrsi","yrsi",1
"yudhisthir"",","yudhisthir"",",1
"zarurat","zarurat",1
"zeal","zeal",1
"zee","zee",2
"zero","zero",3
"zindabad","zindabad",1
"""en"")","""en"")",1
"list(language","list(language",1
"list()","list()",1
